model,class,precision,recall,f1,support,one_vs_rest_fpr,one_vs_rest_fnr,interpretation
XGBoost,benign,0.8475743993411362,0.9989695763689513,0.9170656640607595,267851.0,0.37172366378011756,0.0010304236310486054,MEASURED
XGBoost,brute_force,0.0,0.0,0.0,0.0,2.5169770099319913e-06,0.0,NO ACTUAL SUPPORT: recall/FNR not meaningful
XGBoost,c2,0.0,0.0,0.0,1437.0,0.0,1.0,MEASURED
XGBoost,ddos,0.992127356709177,0.2667833205743122,0.42049533049736204,128014.0,0.0010063575057187844,0.7332166794256878,MEASURED
XGBoost,exfiltration,,,,0,,,NO ACTUAL SUPPORT: recall/FNR not meaningful
XGBoost,other,,,,0,,,NO ACTUAL SUPPORT: recall/FNR not meaningful
XGBoost,reconnaissance,0.0,0.0,0.0,0.0,0.11875852625962115,0.0,NO ACTUAL SUPPORT: recall/FNR not meaningful
RandomForest,benign,0.8474708836549484,0.9991861146682297,0.9170962883768267,267851.0,0.3721021853828862,0.0008138853317702753,MEASURED
RandomForest,brute_force,0.0,0.0,0.0,0.0,7.550931029795974e-06,0.0,NO ACTUAL SUPPORT: recall/FNR not meaningful
RandomForest,c2,0.0,0.0,0.0,1437.0,0.0,1.0,MEASURED
RandomForest,ddos,0.9901938216472538,0.16801287359195088,0.2872808628577153,128014.0,0.0007909747185169781,0.8319871264080492,MEASURED
RandomForest,exfiltration,,,,0,,,NO ACTUAL SUPPORT: recall/FNR not meaningful
RandomForest,other,,,,0,,,NO ACTUAL SUPPORT: recall/FNR not meaningful
RandomForest,reconnaissance,0.0,0.0,0.0,0.0,0.15045481774569472,0.0,NO ACTUAL SUPPORT: recall/FNR not meaningful
LogisticRegression,benign,0.8494280402205561,0.9944185386651534,0.9162226403541661,267851.0,0.36473260152490133,0.0055814613348466125,MEASURED
LogisticRegression,brute_force,0.0,0.0,0.0,0.0,0.0008155005512179652,0.0,NO ACTUAL SUPPORT: recall/FNR not meaningful
LogisticRegression,c2,0.0,0.0,0.0,1437.0,0.0,1.0,MEASURED
LogisticRegression,ddos,0.9865873263430669,0.6423984876654116,0.7781310321335302,128014.0,0.0041516888981313685,0.3576015123345884,MEASURED
LogisticRegression,exfiltration,,,,0,,,NO ACTUAL SUPPORT: recall/FNR not meaningful
LogisticRegression,other,,,,0,,,NO ACTUAL SUPPORT: recall/FNR not meaningful
LogisticRegression,reconnaissance,0.0,0.0,0.0,0.0,0.00013339978152639555,0.0,NO ACTUAL SUPPORT: recall/FNR not meaningful
