model,true_class,predicted_class,count
XGBoost,benign,benign,267575
XGBoost,benign,brute_force,1
XGBoost,benign,c2,0
XGBoost,benign,ddos,271
XGBoost,benign,reconnaissance,4
XGBoost,brute_force,benign,0
XGBoost,brute_force,brute_force,0
XGBoost,brute_force,c2,0
XGBoost,brute_force,ddos,0
XGBoost,brute_force,reconnaissance,0
XGBoost,c2,benign,1437
XGBoost,c2,brute_force,0
XGBoost,c2,c2,0
XGBoost,c2,ddos,0
XGBoost,c2,reconnaissance,0
XGBoost,ddos,benign,46683
XGBoost,ddos,brute_force,0
XGBoost,ddos,c2,0
XGBoost,ddos,ddos,34152
XGBoost,ddos,reconnaissance,47179
XGBoost,reconnaissance,benign,0
XGBoost,reconnaissance,brute_force,0
XGBoost,reconnaissance,c2,0
XGBoost,reconnaissance,ddos,0
XGBoost,reconnaissance,reconnaissance,0
RandomForest,benign,benign,267633
RandomForest,benign,brute_force,3
RandomForest,benign,c2,0
RandomForest,benign,ddos,213
RandomForest,benign,reconnaissance,2
RandomForest,brute_force,benign,0
RandomForest,brute_force,brute_force,0
RandomForest,brute_force,c2,0
RandomForest,brute_force,ddos,0
RandomForest,brute_force,reconnaissance,0
RandomForest,c2,benign,1437
RandomForest,c2,brute_force,0
RandomForest,c2,c2,0
RandomForest,c2,ddos,0
RandomForest,c2,reconnaissance,0
RandomForest,ddos,benign,46732
RandomForest,ddos,brute_force,0
RandomForest,ddos,c2,0
RandomForest,ddos,ddos,21508
RandomForest,ddos,reconnaissance,59774
RandomForest,reconnaissance,benign,0
RandomForest,reconnaissance,brute_force,0
RandomForest,reconnaissance,c2,0
RandomForest,reconnaissance,ddos,0
RandomForest,reconnaissance,reconnaissance,0
LogisticRegression,benign,benign,266356
LogisticRegression,benign,brute_force,324
LogisticRegression,benign,c2,0
LogisticRegression,benign,ddos,1118
LogisticRegression,benign,reconnaissance,53
LogisticRegression,brute_force,benign,0
LogisticRegression,brute_force,brute_force,0
LogisticRegression,brute_force,c2,0
LogisticRegression,brute_force,ddos,0
LogisticRegression,brute_force,reconnaissance,0
LogisticRegression,c2,benign,1437
LogisticRegression,c2,brute_force,0
LogisticRegression,c2,c2,0
LogisticRegression,c2,ddos,0
LogisticRegression,c2,reconnaissance,0
LogisticRegression,ddos,benign,45778
LogisticRegression,ddos,brute_force,0
LogisticRegression,ddos,c2,0
LogisticRegression,ddos,ddos,82236
LogisticRegression,ddos,reconnaissance,0
LogisticRegression,reconnaissance,benign,0
LogisticRegression,reconnaissance,brute_force,0
LogisticRegression,reconnaissance,c2,0
LogisticRegression,reconnaissance,ddos,0
LogisticRegression,reconnaissance,reconnaissance,0
